{"cameraMode":{"drawMode":0,"name":"Shaded","section":"Shading Mode"},"sceneLighting":true,"audioPlay":false,"sceneViewState":{"showFog":true,"showMaterialUpdate":false,"showSkybox":true,"showFlares":true,"showImageEffects":true,"showParticleSystems":true},"in2DMode":false,"pivot":{"x":5.480824947357178,"y":2.268474578857422,"z":-0.12969541549682618},"rotation":{"x":-0.11991699784994126,"y":0.8556764125823975,"z":-0.2288285791873932,"w":-0.44841432571411135},"size":19.977033615112306,"orthographic":false}